{
  "version": "v4",
  "repo": "borisyankov/DefinitelyTyped",
  "ref": "master",
  "path": "typings",
  "bundle": "typings/tsd.d.ts",
  "installed": {
    "angularjs/angular.d.ts": {
      "commit": "c3daad4d0547d301ce5dad25138216fa0a30d547"
    },
    "jquery/jquery.d.ts": {
      "commit": "c3daad4d0547d301ce5dad25138216fa0a30d547"
    },
    "angularjs/angular-resource.d.ts": {
      "commit": "c3daad4d0547d301ce5dad25138216fa0a30d547"
    },
    "angularjs/angular-mocks.d.ts": {
      "commit": "c3daad4d0547d301ce5dad25138216fa0a30d547"
    }
  }
}
